{
  "layer_0": {
    "num_features": 2246,
    "active_features": 3150,
    "mean_encoder_norm": 0.42364418506622314,
    "mean_decoder_norm": 0.38723328709602356,
    "exclude_first_k_tokens": 0
  },
  "layer_1": {
    "num_features": 188,
    "active_features": 3150,
    "mean_encoder_norm": 0.42364418506622314,
    "mean_decoder_norm": 0.38723328709602356,
    "exclude_first_k_tokens": 0
  },
  "layer_2": {
    "num_features": 177,
    "active_features": 3150,
    "mean_encoder_norm": 0.42364418506622314,
    "mean_decoder_norm": 0.38723328709602356,
    "exclude_first_k_tokens": 0
  },
  "layer_3": {
    "num_features": 57,
    "active_features": 3150,
    "mean_encoder_norm": 0.42364418506622314,
    "mean_decoder_norm": 0.38723328709602356,
    "exclude_first_k_tokens": 0
  },
  "layer_4": {
    "num_features": 442,
    "active_features": 3150,
    "mean_encoder_norm": 0.42364418506622314,
    "mean_decoder_norm": 0.38723328709602356,
    "exclude_first_k_tokens": 0
  },
  "layer_5": {
    "num_features": 40,
    "active_features": 3150,
    "mean_encoder_norm": 0.42364418506622314,
    "mean_decoder_norm": 0.38723328709602356,
    "exclude_first_k_tokens": 0
  }
}